id,unidade,ano,trimestre,particao,resultado_pedido,grau_deferido,y,regiao,grau_ausente
ac701f7433a2,unidade_06,2024,1,treino,deferido,40.0,1,leste,0
69da62f3272b,unidade_08,2024,1,treino,indeferido,,0,capital,0
238b5f5a538a,unidade_06,2024,1,treino,indeferido,,0,leste,0
7f6434df392f,unidade_06,2024,1,treino,deferido,40.0,1,leste,0
0ac95cd06e17,unidade_06,2024,1,treino,indeferido,,0,leste,0
4a8d5ceb7965,unidade_08,2024,1,treino,indeferido,,0,capital,0
78b7c92fd54f,unidade_16,2024,1,treino,deferido,40.0,1,capital,0
10774cd49009,unidade_06,2024,1,treino,deferido,20.0,1,leste,0
30064d110d34,unidade_06,2024,1,treino,indeferido,,0,leste,0
2470493db9fc,unidade_06,2024,1,treino,deferido,20.0,1,leste,0
a6ae2f0bd165,unidade_22,2024,1,treino,indeferido,,0,capital,0
eb7731b8d53e,unidade_01,2024,1,treino,deferido,,1,centro,1
5e04aebe5270,unidade_05,2024,1,treino,deferido,40.0,1,capital,0
e3f6fdf9a30c,unidade_06,2024,1,treino,indeferido,,0,leste,0
9eda52a84b49,unidade_03,2024,1,treino,deferido,40.0,1,oeste,0
ed49512aabf0,unidade_12,2024,1,treino,indeferido,,0,oeste,0
c00067041343,unidade_07,2024,1,treino,deferido,20.0,1,oeste,0
5012b5d1af14,unidade_07,2024,1,treino,deferido,20.0,1,oeste,0
7b427f884e22,unidade_07,2024,1,treino,deferido,20.0,1,oeste,0
cfd40216f0d5,unidade_07,2024,1,treino,deferido,20.0,1,oeste,0
17bd4ab91487,unidade_03,2024,1,treino,deferido,,1,oeste,1
fa81a93b87af,unidade_05,2024,1,treino,indeferido,,0,capital,0
1fecd9dd3f42,unidade_12,2024,1,treino,indeferido,,0,oeste,0
ded01ccef618,unidade_15,2024,1,treino,deferido,40.0,1,centro,0
1f51bff844ff,unidade_15,2024,1,treino,deferido,40.0,1,centro,0
886b652b2bd9,unidade_15,2024,1,treino,deferido,40.0,1,centro,0
21800891ed84,unidade_03,2024,1,treino,deferido,,1,oeste,1
bae171ca7f42,unidade_03,2024,1,treino,deferido,,1,oeste,1
4b912a61c949,unidade_03,2024,1,treino,deferido,,1,oeste,1
a6b83759c161,unidade_03,2024,1,treino,deferido,,1,oeste,1
19bee0c643e6,unidade_03,2024,1,treino,deferido,,1,oeste,1
2f79059f3648,unidade_20,2024,1,treino,indeferido,,0,leste,0
3e9ef2ce6875,unidade_05,2024,1,treino,indeferido,,0,capital,0
c7559a56a376,unidade_16,2024,1,treino,deferido,40.0,1,capital,0
0eeda034df1d,unidade_09,2024,1,treino,deferido,,1,demais,1
a7e2fc0f7000,unidade_15,2024,1,treino,indeferido,,0,centro,0
9cecefe26918,unidade_09,2024,1,treino,deferido,,1,demais,1
cb757dd59576,unidade_05,2024,1,treino,deferido,40.0,1,capital,0
3ca10308965e,unidade_08,2024,1,treino,deferido,40.0,1,capital,0
6048871d1ac4,unidade_13,2024,1,treino,deferido,,1,capital,1
bd0b8102dafa,unidade_16,2024,1,treino,deferido,,1,capital,1
db6b4006264d,unidade_06,2024,1,treino,indeferido,,0,leste,0
cf818feb7d38,unidade_05,2024,1,treino,indeferido,,0,capital,0
7641b7b30bf3,unidade_11,2024,1,treino,deferido,40.0,1,centro,0
2d6b78ac8810,unidade_09,2024,1,treino,indeferido,,0,demais,0
2a97d7b77daa,unidade_16,2024,1,treino,deferido,,1,capital,1
6758e309475c,unidade_22,2024,1,treino,indeferido,,0,capital,0
400721a6ed08,unidade_08,2024,1,treino,deferido,40.0,1,capital,0
56690f2c601b,unidade_11,2024,1,treino,indeferido,,0,centro,0
9faa38894ede,unidade_16,2024,1,treino,indeferido,,0,capital,0
7faee37e4414,unidade_21,2024,1,treino,deferido,,1,demais,1
5c04421eb84d,unidade_02,2024,1,treino,deferido,40.0,1,capital,0
77f946561fad,unidade_02,2024,1,treino,deferido,40.0,1,capital,0
3d23daae1d73,unidade_02,2024,1,treino,indeferido,,0,capital,0
38902de6d4f0,unidade_02,2024,1,treino,deferido,20.0,1,capital,0
7b5fa36af2f8,unidade_03,2024,1,treino,deferido,,1,oeste,1
6179a37a0720,unidade_03,2024,1,treino,deferido,,1,oeste,1
4905b8f59b6d,unidade_03,2024,1,treino,deferido,,1,oeste,1
2c1010f4d498,unidade_19,2024,1,treino,deferido,40.0,1,oeste,0
b4cc10c57f6a,unidade_21,2024,1,treino,deferido,,1,demais,1
db8d9d9c1ef2,unidade_21,2024,1,treino,deferido,,1,demais,1
030190bc0115,unidade_21,2024,1,treino,deferido,,1,demais,1
3d4dc00e956a,unidade_21,2024,1,treino,deferido,,1,demais,1
d6643641a63c,unidade_21,2024,1,treino,deferido,,1,demais,1
6fa42fd06819,unidade_21,2024,1,treino,deferido,,1,demais,1
ffe14171d72a,unidade_21,2024,1,treino,deferido,,1,demais,1
a7606c9ab89f,unidade_21,2024,1,treino,deferido,,1,demais,1
d828b1fa6bad,unidade_21,2024,1,treino,deferido,,1,demais,1
edf7b6873491,unidade_21,2024,1,treino,deferido,,1,demais,1
7e7092a28682,unidade_21,2024,1,treino,deferido,,1,demais,1
04509698f954,unidade_21,2024,1,treino,deferido,,1,demais,1
8ee8e502babb,unidade_21,2024,1,treino,deferido,,1,demais,1
9c4ec6166c6a,unidade_05,2024,1,treino,deferido,20.0,1,capital,0
5bce5fae2b55,unidade_08,2024,1,treino,indeferido,,0,capital,0
c406e3e70b75,unidade_05,2024,1,treino,indeferido,,0,capital,0
ba16bdfc8823,unidade_20,2024,2,treino,indeferido,,0,leste,0
b68a5365b61e,unidade_13,2024,2,treino,indeferido,,0,capital,0
b5a3f84c5b1d,unidade_04,2024,2,treino,deferido,40.0,1,capital,0
ffa65f4238be,unidade_15,2024,2,treino,deferido,40.0,1,centro,0
9f427089e20c,unidade_16,2024,2,treino,indeferido,,0,capital,0
000b5bfda212,unidade_03,2024,2,treino,deferido,40.0,1,oeste,0
346269941de8,unidade_11,2024,2,treino,deferido,40.0,1,centro,0
a396a42c8afa,unidade_11,2024,2,treino,deferido,40.0,1,centro,0
0a12e4526d37,unidade_01,2024,2,treino,deferido,40.0,1,centro,0
5f469c723f4c,unidade_05,2024,2,treino,indeferido,,0,capital,0
910341bd2b9b,unidade_11,2024,2,treino,deferido,40.0,1,centro,0
3e7dc66ac6a9,unidade_08,2024,2,treino,indeferido,,0,capital,0
d0b20b89f38a,unidade_11,2024,2,treino,deferido,40.0,1,centro,0
871f7fbafbcf,unidade_11,2024,2,treino,deferido,40.0,1,centro,0
4208638c9486,unidade_11,2024,2,treino,deferido,40.0,1,centro,0
8254955d1462,unidade_01,2024,2,treino,indeferido,,0,centro,0
4edae6fb0101,unidade_01,2024,2,treino,indeferido,,0,centro,0
d09dbdd9fe66,unidade_01,2024,2,treino,deferido,40.0,1,centro,0
d0b9447b3e19,unidade_16,2024,2,treino,deferido,40.0,1,capital,0
49f2ec01366f,unidade_08,2024,2,treino,indeferido,,0,capital,0
e2a2964b3a02,unidade_11,2024,2,treino,indeferido,,0,centro,0
efdf380de0d1,unidade_05,2024,2,treino,indeferido,,0,capital,0
4ddaba882b85,unidade_04,2024,2,treino,deferido,,1,capital,1
58c35a1462e7,unidade_08,2024,2,treino,indeferido,,0,capital,0
b6b86fa6b5c4,unidade_08,2024,2,treino,deferido,40.0,1,capital,0
7ee1c645c9b1,unidade_01,2024,2,treino,deferido,,1,centro,1
f8cf95897115,unidade_01,2024,2,treino,deferido,,1,centro,1
2f6888774e2f,unidade_01,2024,2,treino,deferido,,1,centro,1
a9aa6afaea20,unidade_02,2024,2,treino,indeferido,,0,capital,0
824c348e56cb,unidade_14,2024,2,treino,deferido,,1,sul,1
2122b860e625,unidade_19,2024,2,treino,indeferido,,0,oeste,0
76ac89bd0248,unidade_05,2024,2,treino,deferido,40.0,1,capital,0
52dc8087851d,unidade_01,2024,2,treino,deferido,,1,centro,1
ccb427fbb481,unidade_14,2024,2,treino,indeferido,,0,sul,0
dc6c50f218cb,unidade_16,2024,2,treino,deferido,,1,capital,1
914ad73f2168,unidade_07,2024,2,treino,indeferido,,0,oeste,0
afcb86d70961,unidade_12,2024,2,treino,deferido,,1,oeste,1
48879ba395bc,unidade_16,2024,2,treino,indeferido,,0,capital,0
bc7b43e165bf,unidade_02,2024,2,treino,deferido,,1,capital,1
272acb5f35cc,unidade_16,2024,3,treino,deferido,40.0,1,capital,0
844e26362075,unidade_16,2024,3,treino,deferido,40.0,1,capital,0
fbac7f643409,unidade_19,2024,3,treino,deferido,40.0,1,oeste,0
71b7bdf6ade2,unidade_11,2024,3,treino,deferido,40.0,1,centro,0
efa22e5bd4b5,unidade_05,2024,3,treino,indeferido,,0,capital,0
3bd153050136,unidade_10,2024,3,treino,deferido,40.0,1,sul,0
8768ebc9385a,unidade_14,2024,3,treino,indeferido,,0,sul,0
b4bad7dd7020,unidade_14,2024,3,treino,deferido,40.0,1,sul,0
59e30a0de0bb,unidade_21,2024,3,treino,deferido,40.0,1,demais,0
253c8f20fbbc,unidade_21,2024,3,treino,deferido,40.0,1,demais,0
8aec5ba6562f,unidade_21,2024,3,treino,deferido,40.0,1,demais,0
04f8183c1041,unidade_16,2024,3,treino,deferido,40.0,1,capital,0
5f2e3e26ab1d,unidade_08,2024,3,treino,deferido,40.0,1,capital,0
8116519cefd4,unidade_16,2024,3,treino,indeferido,,0,capital,0
2d4d1f3f4b21,unidade_16,2024,3,treino,deferido,40.0,1,capital,0
ac6f2132b0c5,unidade_22,2024,3,treino,deferido,40.0,1,capital,0
ec2b060ee927,unidade_12,2024,3,treino,deferido,20.0,1,oeste,0
3db7af7d425e,unidade_08,2024,3,treino,deferido,40.0,1,capital,0
574b6bdfe6ee,unidade_04,2024,3,treino,deferido,20.0,1,capital,0
40c7d74093bd,unidade_01,2024,3,treino,deferido,40.0,1,centro,0
bb6c7613b33b,unidade_08,2024,3,treino,deferido,40.0,1,capital,0
945ad387a54d,unidade_11,2024,3,treino,deferido,20.0,1,centro,0
fd023b9cf8b8,unidade_11,2024,3,treino,deferido,20.0,1,centro,0
c0fe24ce4817,unidade_11,2024,3,treino,deferido,20.0,1,centro,0
ec6904efbbcd,unidade_11,2024,3,treino,indeferido,,0,centro,0
b743a3ee3be8,unidade_11,2024,3,treino,indeferido,,0,centro,0
08ba10ed555a,unidade_02,2024,3,treino,deferido,40.0,1,capital,0
a9b7217f7af7,unidade_02,2024,3,treino,deferido,40.0,1,capital,0
9a008f7d2efd,unidade_02,2024,3,treino,deferido,40.0,1,capital,0
24af688b2d84,unidade_02,2024,3,treino,deferido,40.0,1,capital,0
eda50d7d819f,unidade_02,2024,3,treino,deferido,40.0,1,capital,0
5c74dc06aaf8,unidade_02,2024,3,treino,deferido,40.0,1,capital,0
0442623d69f7,unidade_22,2024,3,treino,deferido,40.0,1,capital,0
333457efb0dc,unidade_22,2024,3,treino,deferido,40.0,1,capital,0
cedbe350bac4,unidade_22,2024,3,treino,deferido,40.0,1,capital,0
bf8720466b7b,unidade_22,2024,3,treino,deferido,40.0,1,capital,0
0b8d60556579,unidade_12,2024,3,treino,indeferido,,0,oeste,0
1f7aa3247362,unidade_06,2024,3,treino,deferido,20.0,1,leste,0
51cbed4d823e,unidade_05,2024,3,treino,indeferido,,0,capital,0
1256a1a7f468,unidade_05,2024,3,treino,indeferido,,0,capital,0
e9e2b26ef141,unidade_05,2024,3,treino,indeferido,,0,capital,0
dd1be3e6b2ed,unidade_05,2024,3,treino,indeferido,,0,capital,0
667337584cf8,unidade_05,2024,3,treino,indeferido,,0,capital,0
fe02fe9a5142,unidade_05,2024,3,treino,indeferido,,0,capital,0
dd4fb343a2bb,unidade_05,2024,3,treino,indeferido,,0,capital,0
f975ac527697,unidade_11,2024,3,treino,deferido,40.0,1,centro,0
3f31ad6e4fd2,unidade_11,2024,3,treino,deferido,40.0,1,centro,0
14c624c59698,unidade_01,2024,3,treino,deferido,40.0,1,centro,0
f4c3bd325c72,unidade_02,2024,3,treino,deferido,40.0,1,capital,0
2514c7987b83,unidade_02,2024,3,treino,deferido,40.0,1,capital,0
f9d9ffa2e4dc,unidade_03,2024,3,treino,deferido,20.0,1,oeste,0
6d1514681c5d,unidade_11,2024,3,treino,deferido,40.0,1,centro,0
3c7c5417aea1,unidade_11,2024,3,treino,deferido,40.0,1,centro,0
bae27341cd9b,unidade_11,2024,3,treino,deferido,40.0,1,centro,0
02a3a7e44a78,unidade_11,2024,3,treino,deferido,40.0,1,centro,0
19fb9414a68f,unidade_02,2024,3,treino,deferido,40.0,1,capital,0
9439e72d1d78,unidade_05,2024,4,treino,deferido,40.0,1,capital,0
00c24ec19920,unidade_08,2024,4,treino,deferido,40.0,1,capital,0
206ed4ac416a,unidade_05,2024,4,treino,deferido,20.0,1,capital,0
87b674f25ef6,unidade_02,2024,4,treino,deferido,20.0,1,capital,0
5f01a817278f,unidade_16,2024,4,treino,deferido,40.0,1,capital,0
c543c4d64ba1,unidade_05,2024,4,treino,indeferido,,0,capital,0
2b08dfad2620,unidade_19,2024,4,treino,deferido,40.0,1,oeste,0
27fda788335d,unidade_22,2024,4,treino,deferido,40.0,1,capital,0
381fe8c245fa,unidade_18,2024,4,treino,deferido,40.0,1,centro,0
ea0b9189d93f,unidade_05,2024,4,treino,deferido,40.0,1,capital,0
c3801abdfd58,unidade_05,2024,4,treino,deferido,40.0,1,capital,0
bb8287ea66cc,unidade_11,2024,4,treino,deferido,40.0,1,centro,0
df54f09a2870,unidade_11,2024,4,treino,deferido,40.0,1,centro,0
ad04cffbf74e,unidade_03,2024,4,treino,deferido,20.0,1,oeste,0
13c47de17b19,unidade_22,2024,4,treino,deferido,40.0,1,capital,0
999b04a44e82,unidade_16,2024,4,treino,indeferido,,0,capital,0
776bbeffbf1e,unidade_04,2024,4,treino,indeferido,,0,capital,0
4ac82ad94123,unidade_05,2024,4,treino,indeferido,,0,capital,0
2b5bbf3987de,unidade_06,2024,4,treino,deferido,40.0,1,leste,0
ad3d9087405c,unidade_04,2024,4,treino,deferido,20.0,1,capital,0
61d040ac0609,unidade_04,2024,4,treino,deferido,40.0,1,capital,0
c2c52cfa005b,unidade_09,2024,4,treino,deferido,,1,demais,1
12d9c5f13f2d,unidade_01,2024,4,treino,deferido,40.0,1,centro,0
28ca2172f68c,unidade_14,2024,4,treino,deferido,20.0,1,sul,0
3b8f9c465bc3,unidade_07,2024,4,treino,deferido,20.0,1,oeste,0
36bcd1d5054f,unidade_16,2024,4,treino,deferido,40.0,1,capital,0
dbcd9e0d382e,unidade_02,2024,4,treino,deferido,,1,capital,1
5cfd7baa5d42,unidade_07,2024,4,treino,deferido,20.0,1,oeste,0
394686c0bb1e,unidade_13,2024,4,treino,deferido,40.0,1,capital,0
1a1af8c0d86c,unidade_11,2024,4,treino,deferido,40.0,1,centro,0
cca3365d1346,unidade_22,2024,4,treino,deferido,40.0,1,capital,0
ce0d0091acf1,unidade_22,2024,4,treino,deferido,40.0,1,capital,0
98a5e60ffa8c,unidade_02,2024,4,treino,deferido,,1,capital,1
c542c8a5c781,unidade_02,2024,4,treino,indeferido,,0,capital,0
cc7b13851ac4,unidade_02,2024,4,treino,deferido,40.0,1,capital,0
4ced480ccb88,unidade_02,2024,4,treino,indeferido,,0,capital,0
e750e8a11b52,unidade_07,2024,4,treino,deferido,40.0,1,oeste,0
f260e0447a13,unidade_08,2024,4,treino,indeferido,,0,capital,0
1aa4cd8e38aa,unidade_02,2024,4,treino,indeferido,,0,capital,0
71835dc4d658,unidade_13,2024,4,treino,indeferido,,0,capital,0
389f64b89d6e,unidade_05,2024,4,treino,deferido,,1,capital,1
18a42807604e,unidade_02,2024,4,treino,indeferido,,0,capital,0
5e4ea9da94f3,unidade_04,2024,4,treino,deferido,20.0,1,capital,0
09b7a236f126,unidade_04,2024,4,treino,deferido,40.0,1,capital,0
44d42d88ba00,unidade_02,2024,4,treino,indeferido,,0,capital,0
d1e9243cd373,unidade_02,2024,4,treino,deferido,40.0,1,capital,0
d4c67042065a,unidade_02,2024,4,treino,deferido,40.0,1,capital,0
5dfa80414a86,unidade_02,2024,4,treino,indeferido,,0,capital,0
f15d99eae519,unidade_18,2024,4,treino,deferido,,1,centro,1
d5e867b5b9cf,unidade_18,2024,4,treino,deferido,,1,centro,1
6b03b1d9d896,unidade_18,2024,4,treino,deferido,,1,centro,1
e35bcbb8beb5,unidade_18,2024,4,treino,deferido,,1,centro,1
6d6c6c922068,unidade_06,2025,1,treino,deferido,40.0,1,leste,0
d90b25431eb5,unidade_14,2025,1,treino,deferido,40.0,1,sul,0
0e75c37df73b,unidade_18,2025,1,treino,indeferido,,0,centro,0
8352fd9a5d62,unidade_16,2025,1,treino,deferido,40.0,1,capital,0
dfc84e410df1,unidade_18,2025,1,treino,deferido,20.0,1,centro,0
c943ba00d036,unidade_19,2025,1,treino,deferido,40.0,1,oeste,0
31863e4289a1,unidade_06,2025,1,treino,indeferido,,0,leste,0
94d012111932,unidade_08,2025,1,treino,deferido,40.0,1,capital,0
3cd9b66a9288,unidade_20,2025,1,treino,deferido,,1,leste,1
963e5179e2b5,unidade_06,2025,1,treino,deferido,20.0,1,leste,0
c4c11cbef97e,unidade_05,2025,1,treino,indeferido,,0,capital,0
94debe41746a,unidade_12,2025,1,treino,deferido,20.0,1,oeste,0
0d4c0abfc857,unidade_05,2025,1,treino,indeferido,,0,capital,0
8f356a289464,unidade_20,2025,1,treino,indeferido,,0,leste,0
3c3906e3fc32,unidade_06,2025,1,treino,indeferido,,0,leste,0
88c1eebf66a7,unidade_01,2025,1,treino,indeferido,,0,centro,0
f81462112af9,unidade_08,2025,1,treino,deferido,40.0,1,capital,0
5f9168f6f506,unidade_20,2025,1,treino,deferido,40.0,1,leste,0
679edb4c0de2,unidade_20,2025,1,treino,deferido,40.0,1,leste,0
17e20690a50f,unidade_08,2025,1,treino,deferido,40.0,1,capital,0
1a96a8bf22b1,unidade_06,2025,1,treino,indeferido,,0,leste,0
fbaf945c3764,unidade_08,2025,1,treino,indeferido,,0,capital,0
ffb5b591a653,unidade_22,2025,1,treino,deferido,40.0,1,capital,0
e85bb4dceb1f,unidade_12,2025,1,treino,indeferido,,0,oeste,0
c96033bc29b8,unidade_17,2025,1,treino,deferido,10.0,1,centro,0
e38422423235,unidade_16,2025,1,treino,deferido,40.0,1,capital,0
da9720f1eda6,unidade_16,2025,1,treino,deferido,40.0,1,capital,0
9c8dc8cf1822,unidade_05,2025,1,treino,indeferido,,0,capital,0
0f73dbf9ea62,unidade_08,2025,1,calibracao,deferido,40.0,1,capital,0
85af57b5926f,unidade_03,2025,1,calibracao,deferido,40.0,1,oeste,0
4b42eeb7b69e,unidade_03,2025,1,calibracao,deferido,40.0,1,oeste,0
188d06a4e5c5,unidade_22,2025,1,calibracao,deferido,,1,capital,1
3c69c00cd476,unidade_03,2025,1,calibracao,deferido,,1,oeste,1
4e919a49a736,unidade_03,2025,1,calibracao,indeferido,,0,oeste,0
dc9f76199514,unidade_08,2025,1,calibracao,deferido,,1,capital,1
7c693ee15975,unidade_18,2025,1,calibracao,deferido,40.0,1,centro,0
1b3081f79549,unidade_16,2025,1,calibracao,indeferido,,0,capital,0
0ede41774d3c,unidade_16,2025,1,calibracao,deferido,40.0,1,capital,0
bda1b5e2f1f4,unidade_04,2025,1,calibracao,indeferido,,0,capital,0
69ba2923518e,unidade_05,2025,1,calibracao,deferido,40.0,1,capital,0
ee1cf375803f,unidade_22,2025,1,calibracao,indeferido,,0,capital,0
ddf33e762744,unidade_16,2025,1,calibracao,deferido,40.0,1,capital,0
2e375ce52d96,unidade_05,2025,1,calibracao,indeferido,,0,capital,0
1df3ab6401db,unidade_13,2025,1,calibracao,deferido,,1,capital,1
62c26da77a4c,unidade_13,2025,1,calibracao,deferido,,1,capital,1
b8d4fd54a15a,unidade_13,2025,1,calibracao,deferido,,1,capital,1
c284f3a60c63,unidade_13,2025,1,calibracao,deferido,,1,capital,1
7a3b22715e15,unidade_18,2025,1,calibracao,deferido,40.0,1,centro,0
95ac95cda5fc,unidade_18,2025,1,calibracao,deferido,40.0,1,centro,0
b82b29cbcbd4,unidade_18,2025,1,calibracao,deferido,40.0,1,centro,0
20e4c91a9617,unidade_04,2025,1,calibracao,deferido,40.0,1,capital,0
0391d89d2b3e,unidade_20,2025,1,calibracao,deferido,20.0,1,leste,0
7d33a506ac83,unidade_20,2025,1,calibracao,indeferido,,0,leste,0
da156cfd66f7,unidade_08,2025,1,calibracao,deferido,40.0,1,capital,0
f6e25fb0536c,unidade_18,2025,1,calibracao,deferido,40.0,1,centro,0
107a50525526,unidade_16,2025,1,calibracao,deferido,40.0,1,capital,0
e23cc0fa7deb,unidade_16,2025,1,calibracao,deferido,,1,capital,1
13e8787a400e,unidade_08,2025,1,calibracao,deferido,40.0,1,capital,0
0f1fafc1a1f3,unidade_06,2025,1,calibracao,deferido,20.0,1,leste,0
ee56d1074e2b,unidade_06,2025,1,calibracao,deferido,,1,leste,1
3486780c7f72,unidade_17,2025,1,calibracao,deferido,40.0,1,centro,0
447b0f1799e5,unidade_17,2025,1,calibracao,deferido,40.0,1,centro,0
2aaf38186720,unidade_17,2025,1,calibracao,deferido,40.0,1,centro,0
cef2369f05c4,unidade_07,2025,1,calibracao,indeferido,,0,oeste,0
513074c79af2,unidade_06,2025,1,calibracao,indeferido,,0,leste,0
aafe37c7610d,unidade_19,2025,1,calibracao,deferido,40.0,1,oeste,0
acb6902fa088,unidade_19,2025,1,calibracao,deferido,40.0,1,oeste,0
4dff62812570,unidade_02,2025,1,calibracao,indeferido,,0,capital,0
af0f20b62460,unidade_08,2025,1,calibracao,indeferido,,0,capital,0
605e36e3714b,unidade_08,2025,1,calibracao,deferido,,1,capital,1
d6ffa7cf9d61,unidade_04,2025,1,calibracao,indeferido,,0,capital,0
abbd8a9e96c7,unidade_10,2025,1,calibracao,deferido,,1,sul,1
2d46e404f76e,unidade_04,2025,1,calibracao,indeferido,,0,capital,0
f2dca5a7a9b8,unidade_13,2025,1,calibracao,indeferido,,0,capital,0
62f76d90ed38,unidade_13,2025,1,calibracao,deferido,,1,capital,1
92cfed8477ab,unidade_13,2025,1,calibracao,deferido,,1,capital,1
71df36b9583f,unidade_22,2025,1,calibracao,deferido,,1,capital,1
e96c7c812653,unidade_13,2025,1,calibracao,deferido,,1,capital,1
710d312d9070,unidade_13,2025,1,calibracao,deferido,,1,capital,1
1932505c3c7b,unidade_13,2025,1,calibracao,deferido,,1,capital,1
9e4c8b16ebd1,unidade_13,2025,1,calibracao,deferido,,1,capital,1
e1c0f3044784,unidade_13,2025,1,calibracao,deferido,,1,capital,1
52e2bde1c4e8,unidade_18,2025,1,calibracao,indeferido,,0,centro,0
f36f6b276120,unidade_22,2025,1,calibracao,indeferido,,0,capital,0
ea09dec2fcec,unidade_22,2025,1,calibracao,indeferido,,0,capital,0
c0d49f6debeb,unidade_13,2025,1,calibracao,deferido,,1,capital,1
92b37ff56abb,unidade_13,2025,1,calibracao,deferido,,1,capital,1
2c0f76d82ef8,unidade_03,2025,1,calibracao,indeferido,,0,oeste,0
6eb11201835c,unidade_16,2025,1,calibracao,deferido,,1,capital,1
749c6c9a024b,unidade_22,2025,1,calibracao,indeferido,,0,capital,0
0967efc9a78b,unidade_09,2025,1,calibracao,deferido,40.0,1,demais,0
9fd2dd741a83,unidade_13,2025,1,calibracao,deferido,,1,capital,1
03b9b813dd06,unidade_13,2025,1,calibracao,deferido,,1,capital,1
3c99559a4f4d,unidade_16,2025,1,calibracao,deferido,,1,capital,1
c44d5c415fe0,unidade_08,2025,1,calibracao,indeferido,,0,capital,0
b532c77eaddb,unidade_06,2025,1,calibracao,indeferido,,0,leste,0
12ad3c94443d,unidade_22,2025,1,calibracao,deferido,,1,capital,1
c263c75f5078,unidade_03,2025,1,calibracao,indeferido,,0,oeste,0
9245ea986c77,unidade_16,2025,1,calibracao,deferido,,1,capital,1
346693c161cb,unidade_16,2025,2,calibracao,indeferido,,0,capital,0
adf855551277,unidade_05,2025,2,calibracao,indeferido,,0,capital,0
2df57416da8b,unidade_01,2026,1,calibracao,deferido,40.0,1,centro,0
7c83a9bd21d9,unidade_14,2026,1,calibracao,indeferido,,0,sul,0
ae6de51f7c02,unidade_14,2026,1,calibracao,deferido,,1,sul,1
b6d32a58260b,unidade_01,2026,1,calibracao,deferido,40.0,1,centro,0
bdaf3442045f,unidade_01,2026,1,calibracao,deferido,40.0,1,centro,0
68810a972723,unidade_14,2026,1,calibracao,deferido,40.0,1,sul,0
ad6998ce550e,unidade_14,2026,1,calibracao,indeferido,,0,sul,0
ae4d19767b0c,unidade_14,2026,1,calibracao,deferido,40.0,1,sul,0
489bfaa3d7c1,unidade_20,2026,1,teste,indeferido,,0,leste,0
147aa92faa00,unidade_20,2026,1,teste,deferido,40.0,1,leste,0
9d2e64f74462,unidade_06,2026,1,teste,indeferido,,0,leste,0
be9058333349,unidade_16,2026,1,teste,deferido,40.0,1,capital,0
34de7c5f1393,unidade_16,2026,1,teste,deferido,40.0,1,capital,0
f4136c521df3,unidade_16,2026,1,teste,indeferido,,0,capital,0
97e73cec1604,unidade_09,2026,1,teste,deferido,20.0,1,demais,0
c7328116deea,unidade_09,2026,1,teste,deferido,20.0,1,demais,0
54bba7006dba,unidade_09,2026,1,teste,deferido,20.0,1,demais,0
2e98fd6c0214,unidade_05,2026,1,teste,deferido,40.0,1,capital,0
5f7636365ae5,unidade_20,2026,1,teste,indeferido,,0,leste,0
9e3d0d87ca89,unidade_06,2026,1,teste,deferido,10.0,1,leste,0
50d674c65212,unidade_18,2026,1,teste,indeferido,,0,centro,0
589331234f4b,unidade_07,2026,1,teste,indeferido,,0,oeste,0
25608a99cffd,unidade_08,2026,1,teste,deferido,40.0,1,capital,0
9787c78c480f,unidade_12,2026,1,teste,deferido,40.0,1,oeste,0
12f45968c9a6,unidade_13,2026,1,teste,deferido,40.0,1,capital,0
91b5e29d5eb3,unidade_20,2026,1,teste,indeferido,,0,leste,0
27df7752464c,unidade_03,2026,1,teste,indeferido,,0,oeste,0
896c4411218a,unidade_16,2026,1,teste,deferido,40.0,1,capital,0
26dd5abd4c7a,unidade_08,2026,1,teste,deferido,20.0,1,capital,0
b0770426ecd7,unidade_14,2026,1,teste,indeferido,,0,sul,0
8f076b92dd2e,unidade_18,2026,1,teste,deferido,,1,centro,1
26871d5c0aad,unidade_04,2026,1,teste,deferido,,1,capital,1
6abff16f3bee,unidade_05,2026,1,teste,indeferido,,0,capital,0
e12d73271a95,unidade_22,2026,1,teste,indeferido,,0,capital,0
b2606d455b23,unidade_22,2026,1,teste,deferido,40.0,1,capital,0
7a8d64f7e011,unidade_08,2026,1,teste,deferido,40.0,1,capital,0
d54368cc0338,unidade_02,2026,1,teste,deferido,40.0,1,capital,0
7e51fdb9628b,unidade_12,2026,1,teste,deferido,40.0,1,oeste,0
a242c6fcb79e,unidade_08,2026,1,teste,indeferido,,0,capital,0
8520de334fea,unidade_14,2026,1,teste,indeferido,,0,sul,0
3fca9dd5562b,unidade_12,2026,1,teste,deferido,40.0,1,oeste,0
936f9c5483c7,unidade_08,2026,1,teste,deferido,40.0,1,capital,0
930cc591c961,unidade_08,2026,1,teste,indeferido,,0,capital,0
a9c1721f87fc,unidade_08,2026,1,teste,indeferido,,0,capital,0
01829aa6d07d,unidade_08,2026,1,teste,indeferido,,0,capital,0
371593831462,unidade_22,2026,1,teste,deferido,40.0,1,capital,0
86af21127985,unidade_14,2026,1,teste,indeferido,,0,sul,0
ab7c012d6cb7,unidade_01,2026,1,teste,deferido,40.0,1,centro,0
e91732c1865d,unidade_05,2026,1,teste,indeferido,,0,capital,0
c1b8a39cb732,unidade_17,2026,1,teste,deferido,20.0,1,centro,0
3b08cb7a993a,unidade_02,2026,1,teste,deferido,40.0,1,capital,0
d0d8d38d52e5,unidade_18,2026,1,teste,deferido,40.0,1,centro,0
16c7fa795394,unidade_21,2026,1,teste,deferido,20.0,1,demais,0
76da408995c9,unidade_21,2026,1,teste,deferido,20.0,1,demais,0
3011b7c9df5f,unidade_09,2026,1,teste,indeferido,,0,demais,0
4c032041a016,unidade_08,2026,1,teste,indeferido,,0,capital,0
183e70d05173,unidade_08,2026,1,teste,indeferido,,0,capital,0
96efd9b271df,unidade_08,2026,1,teste,indeferido,,0,capital,0
4ec5353424e9,unidade_08,2026,1,teste,indeferido,,0,capital,0
67b4f8f51f64,unidade_16,2026,1,teste,indeferido,,0,capital,0
305715fdb075,unidade_08,2026,1,teste,deferido,20.0,1,capital,0
5c5c80470310,unidade_08,2026,1,teste,deferido,40.0,1,capital,0
53b9944b108a,unidade_02,2026,1,teste,deferido,40.0,1,capital,0
19169001063e,unidade_03,2026,1,teste,deferido,20.0,1,oeste,0
3290e718b956,unidade_14,2026,1,teste,deferido,,1,sul,1
2f6fa71b4f19,unidade_02,2026,1,teste,deferido,,1,capital,1
f171207fa6e8,unidade_10,2026,1,teste,deferido,,1,sul,1
118801ec3348,unidade_01,2026,1,teste,deferido,,1,centro,1
9147689c8a26,unidade_04,2026,1,teste,indeferido,,0,capital,0
e6ede2aab3af,unidade_16,2026,1,teste,indeferido,,0,capital,0
cc9a5474281f,unidade_16,2026,1,teste,indeferido,,0,capital,0
8d174989b693,unidade_19,2026,1,teste,indeferido,,0,oeste,0
38e6d21a983b,unidade_20,2026,1,teste,deferido,40.0,1,leste,0
bda25b58d927,unidade_20,2026,1,teste,deferido,40.0,1,leste,0
1f97c298779c,unidade_20,2026,1,teste,deferido,40.0,1,leste,0
66299e815850,unidade_04,2026,1,teste,indeferido,,0,capital,0
bcad4e9c3bba,unidade_04,2026,1,teste,deferido,40.0,1,capital,0
169cdbcf7a34,unidade_02,2026,1,teste,deferido,,1,capital,1
6906ab296bb7,unidade_08,2026,1,teste,deferido,10.0,1,capital,0
667dbd625a65,unidade_17,2026,1,teste,indeferido,,0,centro,0
7bdb10292fe7,unidade_08,2026,1,teste,deferido,40.0,1,capital,0
a35cb5863906,unidade_04,2026,1,teste,deferido,40.0,1,capital,0
644045b65497,unidade_02,2026,1,teste,indeferido,,0,capital,0
4bbadbc5f9f8,unidade_16,2026,1,teste,indeferido,,0,capital,0
fd74716b98b5,unidade_04,2026,1,teste,indeferido,,0,capital,0
f8da845d14b7,unidade_22,2026,1,teste,indeferido,,0,capital,0
81bc30e9fbb3,unidade_14,2026,1,teste,indeferido,,0,sul,0
5174a4bc880d,unidade_08,2026,1,teste,deferido,40.0,1,capital,0
91930837d0c5,unidade_05,2026,1,teste,deferido,40.0,1,capital,0
613e6da408ba,unidade_04,2026,1,teste,indeferido,,0,capital,0
